"title","summary","production_code","original_air_date","season","number_in_season","number_in_series","n","ngram_n","tf","idf","tf_idf"
"Simpsons Roasting on an Open Fire","ho ho ho ho","7G08","1989-12-17",1,1,1,36,4,0.0128250802,4.9487598904,0.0634682423
"Bart the Genius","kwyjibo","7G02","1990-01-14",1,2,2,4,1,0.0014503263,6.3350542515,0.0091878959
"Homer's Odyssey","nuclear energy","7G03","1990-01-21",1,3,3,5,2,0.0021691974,4.9487598904,0.0107348371
"There's No Disgrace Like Home","arrrgh","7G04","1990-01-28",1,4,4,14,1,0.0051001821,4.9487598904,0.0252395769
"Bart the General","sound off","7G05","1990-02-04",1,5,5,4,2,0.001578532,6.3350542515,0.0100000856
"Moaning Lisa","he belongs","7G06","1990-02-11",1,6,6,4,2,0.0016799664,5.6419070709,0.0094782143
"The Call of the Simpsons","bigfoot","7G09","1990-02-18",1,7,7,7,1,0.0031028369,4.9487598904,0.0153551947
"The Telltale Head","jebediah","7G07","1990-02-25",1,8,8,7,1,0.002686109,4.5432947823,0.0122037849
"Life on the Fast Lane","smooth yes","7G11","1990-03-18",1,9,9,4,2,0.0016155089,6.3350542515,0.0102343364
"Homer's Night Out","spy camera","7G10","1990-03-25",1,10,10,11,2,0.0043929712,6.3350542515,0.0278297112
"The Crepes of Wrath","adil","7G13","1990-04-15",1,11,11,15,1,0.0055493896,6.3350542515,0.035155684
"Krusty Gets Busted","krusty","7G12","1990-04-29",1,12,12,40,1,0.0142348754,1.3244189574,0.0188529389
"Some Enchanted Evening","ba ba ba ba ba","7G01","1990-05-13",1,13,13,23,5,0.0099266293,5.2364419628,0.051980218
"Bart Gets an ""F""","blah blah blah blah","7F03","1990-10-11",2,1,14,28,4,0.0104555639,4.1378296742,0.0432633424
"Simpson and Delilah","dimoxinil","7F02","1990-10-18",2,2,15,11,1,0.0042735043,6.3350542515,0.0270728814
"Treehouse of Horror","nevermore","7F04","1990-10-25",2,3,16,10,1,0.0040866367,6.3350542515,0.0258890652
"Two Cars in Every Garage and Three Eyes on Every Fish","mary bailey","7F01","1990-11-01",2,4,17,9,2,0.0032727273,6.3350542515,0.0207329048
"Dancin' Homer","capital city","7F05","1990-11-08",2,5,18,18,2,0.0065741417,3.6270040504,0.0238444386
"Dead Putting Society","six plus six","7F08","1990-11-15",2,6,19,5,3,0.0018477458,6.3350542515,0.0117055696
"Bart vs. Thanksgiving","im sorry im sorry im","7F07","1990-11-22",2,7,20,8,5,0.0035041612,5.6419070709,0.0197701518
"Bart the Daredevil","gorge","7F06","1990-12-06",2,8,21,12,1,0.0055684455,4.1378296742,0.0230412789
"Itchy & Scratchy & Marge","cartoons","7F09","1990-12-20",2,9,22,16,1,0.0065600656,2.83854669,0.0186210525
"Bart Gets Hit by a Car","hutz","7F10","1991-01-10",2,10,23,7,1,0.0024734982,3.5018409074,0.0086617973
"One Fish, Two Fish, Blowfish, Blue Fish","begat","7F12","1991-01-24",2,11,24,8,1,0.0028715004,4.9487598904,0.0142103658
"The Way We Was","the prom","7F11","1991-01-31",2,12,25,14,2,0.0048831531,3.8501476017,0.0188008603
"Homer vs. Lisa and the 8th Commandment","cable","7F13","1991-02-07",2,13,26,26,1,0.0089779006,3.0392173855,0.0272857914
"Principal Charming","patty","7F15","1991-02-14",2,14,27,15,1,0.005997601,2.4032286188,0.0144136063
"Oh Brother, Where Art Thou?","herb","7F16","1991-02-21",2,15,28,18,1,0.0060544904,4.3891441024,0.0265740309
"Bart's Dog Gets an ""F""","quilt","7F14","1991-03-07",2,16,29,6,1,0.0026396832,4.9487598904,0.0130631585
"Old Money","bea","7F17","1991-03-28",2,17,30,11,1,0.0040620384,5.6419070709,0.0229176432
"Brush with Greatness","splashmore","7F18","1991-04-11",2,18,31,6,1,0.0023112481,6.3350542515,0.0146418819
"Lisa's Substitute","mr bergstrom","7F19","1991-04-25",2,19,32,18,2,0.0059171598,5.6419070709,0.0333840655
"The War of the Simpsons","general sherman","7F20","1991-05-02",2,20,33,6,2,0.0020304569,6.3350542515,0.0128630543
"Three Men and a Comic Book","please dad please dad","7F21","1991-05-09",2,21,34,10,4,0.0035752592,5.6419070709,0.0201712802
"Blood Feud","heave ho heave ho","7F22","1991-07-11",2,22,35,4,4,0.0014109347,6.3350542515,0.0089383482
"Stark Raving Dad","michael jackson","7F24","1991-09-19",3,1,36,22,2,0.00763094,4.3891441024,0.0334932953
"Mr. Lisa Goes to Washington","shoe goes","8F01","1991-09-26",3,2,37,6,2,0.0023529412,6.3350542515,0.01490601
"When Flanders Failed","touch of death","7F23","1991-10-03",3,3,38,9,3,0.0033027523,6.3350542515,0.020923115
"Bart the Murderer","skinner","8F03","1991-10-10",3,4,39,14,1,0.0055799123,1.5310332068,0.008543031
"Homer Defined","meltdown","8F04","1991-10-17",3,5,40,12,1,0.0042674253,4.5432947823,0.0193881712
"Like Father, Like Clown","rabbi","8F05","1991-10-24",3,6,41,22,1,0.0079193665,4.1378296742,0.0327689895
"Treehouse of Horror II","happy thoughts","8F02","1991-10-31",3,7,42,8,2,0.0033627575,6.3350542515,0.021303251
"Lisa's Pony","pony","8F06","1991-11-07",3,8,43,20,1,0.0078308536,3.0028497413,0.0235148766
"Saturdays of Thunder","nyah","8F07","1991-11-14",3,9,44,28,1,0.0106463878,4.9487598904,0.0526864171
"Flaming Moe's","flaming","8F08","1991-11-21",3,10,45,25,1,0.009527439,3.6270040504,0.0345560599
"Burns Verkaufen der Kraftwerk","na na","8F09","1991-12-05",3,11,46,14,2,0.0053435115,4.9487598904,0.0264437551
"I Married Marge","kool moe dee","8F10","1991-12-26",3,12,47,4,3,0.0016240357,6.3350542515,0.0102883544
"Radio Bart","down the well","8F11","1992-01-09",3,13,48,8,3,0.0035826243,6.3350542515,0.0226961191
"Lisa the Greek","cincinnati","8F12","1992-01-23",3,14,49,8,1,0.0025881592,4.7256163391,0.0122306473
"Homer Alone","relaxo","8F14","1992-02-06",3,15,50,8,1,0.0037019898,6.3350542515,0.0234523063
"Bart the Lover","zinc","8F16","1992-02-13",3,16,51,10,1,0.0037650602,5.2364419628,0.0197155194
"Homer at the Bat","bock","8F13","1992-02-20",3,17,52,10,1,0.0034270048,6.3350542515,0.0217102613
"Separate Vocations","calm blue ocean","8F15","1992-02-27",3,18,53,4,3,0.0017636684,6.3350542515,0.0111729352
"Dog of Death","lottery","8F17","1992-03-12",3,19,54,22,1,0.0093696763,3.5624655293,0.0333791489
"Colonel Homer","lurleen","8F19","1992-03-26",3,20,55,19,1,0.0078157137,5.2364419628,0.0409265312
"Black Widower","selma","8F20","1992-04-09",3,21,56,31,1,0.0120061967,2.3838105329,0.0286204983
"The Otto Show","bus driver","8F21","1992-04-23",3,22,57,12,2,0.0048999592,4.2556127098,0.0208523285
"Bart's Friend Falls in Love","samantha","8F22","1992-05-07",3,23,58,10,1,0.0041169205,6.3350542515,0.026080915
"Brother, Can You Spare Two Dimes?","herb","8F23","1992-08-27",3,24,59,16,1,0.0058629535,4.3891441024,0.0257333476
"Kamp Krusty","kamp","8F24","1992-09-24",4,1,60,13,1,0.0054782975,6.3350542515,0.034705312
"A Streetcar Named Marge","blanche","8F18","1992-10-01",4,2,61,12,1,0.0057142857,5.2364419628,0.0299225255
"Homer the Heretic","la la la","9F01","1992-10-08",4,3,62,9,3,0.0044598612,3.0769577135,0.0137228045
"Lisa the Beauty Queen","little miss springfield","9F02","1992-10-15",4,4,63,15,3,0.0069670228,6.3350542515,0.0441364671
"Treehouse of Horror III","homer homer homer homer","9F04","1992-10-29",4,5,64,6,4,0.0039241334,5.6419070709,0.0221395961
"Itchy & Scratchy: The Movie","scratchy movie","9F03","1992-11-03",4,6,65,8,2,0.0038424592,6.3350542515,0.0243421873
"Marge Gets a Job","mister burns","9F05","1992-11-05",4,7,66,6,2,0.0026466696,5.2364419628,0.0138591318
"New Kid on the Block","all you can eat","9F06","1992-11-12",4,8,67,7,4,0.003058104,4.7256163391,0.0144514261
"Mr. Plow","plow","9F07","1992-11-19",4,9,68,44,1,0.0203421174,4.1378296742,0.0841722171
"Lisa's First Word","wooja","9F08","1992-12-03",4,10,69,7,1,0.0031890661,6.3350542515,0.0202029065
"Homer's Triple Bypass","bed goes","9F09","1992-12-17",4,11,70,11,2,0.0046393927,6.3350542515,0.0293908042
"Marge vs. the Monorail","monorail","9F10","1993-01-14",4,12,71,28,1,0.0119504908,5.2364419628,0.0625780516
"Selma's Choice","duff gardens","9F11","1993-01-21",4,13,72,11,2,0.005609383,6.3350542515,0.0355357454
"Brother from the Same Planet","pick up bart","9F12","1993-02-04",4,14,73,5,3,0.002712968,6.3350542515,0.0171867994
"I Love Lisa","ralph","9F13","1993-02-11",4,15,74,21,1,0.0092920354,2.0723743745,0.019256576
"Duffless","duff","9F14","1993-02-18",4,16,75,18,1,0.0086663457,2.6214821848,0.0227186708
"Last Exit to Springfield","dental plan","9F15","1993-03-11",4,17,76,19,2,0.0093734583,5.6419070709,0.0528841807
"So It's Come to This: A Simpsons Clip Show","april fools","9F17","1993-04-01",4,18,77,9,2,0.0062111801,5.2364419628,0.0325244842
"The Front","he he he he","9F16","1993-04-15",4,19,78,9,4,0.0042836744,6.3350542515,0.02713731
"Whacking Day","whacking day","9F18","1993-04-29",4,20,79,16,2,0.0073937153,6.3350542515,0.0468395878
"Marge in Chains","around and around and","9F20","1993-05-06",4,21,80,4,4,0.0019379845,5.6419070709,0.0109339284
"Krusty Gets Kancelled","gabbo","9F19","1993-05-13",4,22,81,18,1,0.0082379863,4.9487598904,0.040767816
"Homer's Barbershop Quartet","be sharps","9F21","1993-09-30",5,1,82,10,2,0.0048899756,6.3350542515,0.0309782604
"Cape Feare","sideshow bob","9F22","1993-10-07",5,2,83,10,2,0.0060313631,3.3393219779,0.0201406633
"Homer Goes to College","curly straight","1F02","1993-10-14",5,3,84,6,2,0.00234375,6.3350542515,0.0148477834
"Rosebud","bobo","1F01","1993-10-21",5,4,85,14,1,0.0063176895,4.7256163391,0.0298549769
"Treehouse of Horror IV","lu lu","1F04","1993-10-28",5,5,86,14,2,0.0067178503,5.6419070709,0.037901487
"Marge on the Lam","ballet","1F03","1993-11-04",5,6,87,9,1,0.0035335689,3.9371589787,0.0139122225
"Bart's Inner Child","brad goodman","1F05","1993-11-11",5,7,88,8,2,0.0032894737,6.3350542515,0.0208389942
"Boy-Scoutz 'n the Hood","do do","1F06","1993-11-18",5,8,89,10,2,0.0047192072,3.5018409074,0.0165259127
"The Last Temptation of Homer","mindy","1F07","1993-12-09",5,9,90,15,1,0.0065387969,4.9487598904,0.0323589356
"$pringfield (or, How I Learned to Stop Worrying and Love Legalized Gambling)","casino","1F08","1993-12-16",5,10,91,20,1,0.0076657723,3.770104894,0.0289007658
"Homer the Vigilante","burglar","1F09","1994-01-06",5,11,92,18,1,0.0076238882,4.2556127098,0.0324443154
"Bart Gets Famous","i didnt do it","1F11","1994-02-03",5,12,93,16,4,0.0069414317,3.770104894,0.0261699255
"Homer and Apu","mart","1F10","1994-02-10",5,13,94,25,1,0.0097162845,2.5283917617,0.0245665737
"Lisa vs. Malibu Stacy","stacy","1F12","1994-02-17",5,14,95,34,1,0.0125972582,3.5624655293,0.0448772983
"Deep Space Homer","worker of the week","1F13","1994-02-24",5,15,96,4,4,0.0017204301,6.3350542515,0.0108990181
"Homer Loves Flanders","ned","1F14","1994-03-17",5,16,97,26,1,0.010851419,1.7199337347,0.0186637217
"Bart Gets an Elephant","stampy","1F15","1994-03-31",5,17,98,22,1,0.0090946672,5.2364419628,0.0476236971
"Burns' Heir","heir","1F16","1994-04-14",5,18,99,4,1,0.0017064846,5.2364419628,0.0089359078
"Sweet Seymour Skinner's Baadasssss Song","skinner","1F18","1994-04-28",5,19,100,14,1,0.0056383407,1.5310332068,0.0086324869
"The Boy Who Knew Too Much","meow meow meow","1F19","1994-05-05",5,20,101,14,3,0.0060843112,6.3350542515,0.0385444413
"Lady Bouvier's Lover","i love ya","1F21","1994-05-12",5,21,102,9,3,0.0037942664,4.9487598904,0.0187769136
"Secrets of a Successful Marriage","can teach a class","1F20","1994-05-19",5,22,103,4,4,0.0015100038,6.3350542515,0.0095659558
"Bart of Darkness","pool","1F22","1994-09-04",6,1,104,17,1,0.0086690464,2.3460702049,0.0203381915
"Lisa's Rival","allison","1F17","1994-09-11",6,2,105,14,1,0.005313093,6.3350542515,0.0336587323
"Another Simpsons Clip Show","unsexy","2F33","1994-09-25",6,3,106,4,1,0.001776988,5.6419070709,0.0100256012
"Itchy & Scratchy Land","scratchy land","2F01","1994-10-02",6,4,107,12,2,0.0058622374,5.6419070709,0.0330741988
"Sideshow Bob Roberts","bob","2F02","1994-10-09",6,5,108,29,1,0.0117124394,2.2079198665,0.0258601277
"Treehouse of Horror V","gimme the bat","2F03","1994-10-30",6,6,109,5,3,0.002535497,6.3350542515,0.0160625108
"Bart's Girlfriend","jessica","2F04","1994-11-06",6,7,110,18,1,0.0074812968,5.2364419628,0.0391753763
"Lisa on Ice","fight fight fight fight fight","2F05","1994-11-13",6,8,111,9,5,0.0040723982,5.6419070709,0.0229760921
"Homer Badman","gummy","2F06","1994-11-27",6,9,112,12,1,0.0047393365,4.1378296742,0.0196105672
"Grampa vs. Sexual Inadequacy","tonic","2F07","1994-12-04",6,10,113,7,1,0.002892562,4.3891441024,0.0126958714
"Fear of Flying","let me off let me","2F08","1994-12-18",6,11,114,12,5,0.0050041701,6.3350542515,0.0317016893
"Homer the Great","stonecutters","2F09","1995-01-08",6,12,115,16,1,0.0068640069,6.3350542515,0.0434838559
"And Maggie Makes Three","knightboat","2F10","1995-01-22",6,13,116,5,1,0.0022232103,6.3350542515,0.014084158
"Bart's Comet","comet","2F11","1995-02-05",6,14,117,17,1,0.0072836332,4.9487598904,0.0360449521
"Homie the Clown","krusty","2F12","1995-02-12",6,15,118,46,1,0.0192147034,1.3244189574,0.0254483175
"Bart vs. Australia","australia","2F13","1995-02-19",6,16,119,13,1,0.0059414991,4.9487598904,0.0294030524
"Homer vs. Patty and Selma","sallright","2F14","1995-02-26",6,17,120,6,1,0.0020611474,6.3350542515,0.0130574804
"A Star Is Burns","festival","2F31","1995-03-05",6,18,121,13,1,0.0054621849,3.0028497413,0.0164021204
"Lisa's Wedding","hugh","2F15","1995-03-19",6,19,122,15,1,0.0058117009,4.1378296742,0.0240478284
"Two Dozen and One Greyhounds","puppies","2F18","1995-04-09",6,20,123,12,1,0.0054323223,3.9371589787,0.0213879166
"The PTA Disbands","teachers","2F19","1995-04-16",6,21,124,15,1,0.0059008655,2.4032286188,0.0141811287
"'Round Springfield","dee dee dee dee","2F32","1995-04-30",6,22,125,10,4,0.0043744532,5.6419070709,0.0246802584
"The Springfield Connection","cop","2F21","1995-05-07",6,23,126,10,1,0.0039777247,2.77970619,0.0110569061
"Lemon of Troy","a part of us all","2F22","1995-05-14",6,24,127,6,5,0.0026513478,6.3350542515,0.016796432
"Who Shot Mr. Burns? (Part One)","oil","2F16","1995-05-21",6,25,128,14,1,0.0055555556,2.3277210663,0.0129317837
"Who Shot Mr. Burns? (Part Two)","burns","2F20","1995-09-17",7,1,129,33,1,0.011669024,1.0880301793,0.0126962503
"Radioactive Man","fallout boy","2F17","1995-09-24",7,2,130,18,2,0.0072756669,4.9487598904,0.0360055287
"Home Sweet Homediddly-Dum-Doodily","lice","3F01","1995-10-01",7,3,131,6,1,0.0025199496,4.5432947823,0.0114488739
"Bart Sells His Soul","soul","3F02","1995-10-08",7,4,132,40,1,0.0163532298,1.824194745,0.0298314758
"Lisa the Vegetarian","you dont win friends with","3F03","1995-10-15",7,5,133,9,5,0.003998223,6.3350542515,0.0253289597
"Treehouse of Horror VI","crap crap crap","3F04","1995-10-29",7,6,134,6,3,0.0030659172,6.3350542515,0.0194227519
"King-Size Homer","hi ya ya","3F05","1995-11-05",7,7,135,7,3,0.0029723992,6.3350542515,0.0188303099
"Mother Simpson","yoy","3F06","1995-11-19",7,8,136,4,1,0.0014738394,6.3350542515,0.0093368522
"Sideshow Bob's Last Gleaming","bob","3F08","1995-11-26",7,9,137,16,1,0.00679983,2.2079198665,0.0150134798
"The Simpsons 138th Episode Spectacular","shake shake","3F31","1995-12-03",7,10,138,9,2,0.0041058394,6.3350542515,0.0260107154
"Marge Be Not Proud","bonestorm","3F07","1995-12-17",7,11,139,8,1,0.0032388664,6.3350542515,0.0205183943
"Team Homer","down with homework","3F10","1996-01-07",7,12,140,8,3,0.0031834461,6.3350542515,0.0201673036
"Two Bad Neighbors","bush","3F09","1996-01-14",7,13,141,21,1,0.008045977,3.1570004212,0.0254011528
"Scenes from the Class Struggle in Springfield","mom mom mom","3F11","1996-02-04",7,14,142,4,3,0.0015343306,5.2364419628,0.0080344334
"Bart the Fink","krusty","3F12","1996-02-11",7,15,143,35,1,0.0130548303,1.3244189574,0.0172900647
"Lisa the Iconoclast","jebediah","3F13","1996-02-18",7,16,144,31,1,0.0121520972,4.5432947823,0.0552105599
"Homer the Smithers","mr burns","3F14","1996-02-25",7,17,145,26,2,0.0098634294,1.3862943611,0.0136736166
"The Day the Violence Died","myers","3F16","1996-03-17",7,18,146,17,1,0.0066199377,5.2364419628,0.0346649195
"A Fish Called Selma","dr zaius","3F15","1996-03-24",7,19,147,20,2,0.0075414781,6.3350542515,0.0477756731
"Bart on the Road","grammar rodeo","3F17","1996-03-31",7,20,148,9,2,0.0034078001,5.6419070709,0.0192264913
"22 Short Films About Springfield","steamed","3F18","1996-04-14",7,21,149,8,1,0.0033898305,4.1378296742,0.0140265413
"Raging Abe Simpson and His Grumbling Grandson in ""The Curse of the Flying Hellfish""","hellfish","3F19","1996-04-28",7,22,150,8,1,0.0033222591,6.3350542515,0.0210466919
"Much Apu About Nothing",24,"3F20","1996-05-05",7,23,151,14,1,0.0053763441,4.3891441024,0.0235975489
"Homerpalooza","hullabalooza","3F21","1996-05-19",7,24,152,5,1,0.0020746888,6.3350542515,0.0131432661
"Summer of 4 Ft. 2","like you know whatever","3F22","1996-05-19",7,25,153,3,4,0.0014381592,6.3350542515,0.0091108163
"Treehouse of Horror VII","hugo","4F02","1996-10-27",8,1,154,9,1,0.0042938931,6.3350542515,0.0272020459
"You Only Move Twice","scorpio","3F23","1996-11-03",8,2,155,7,1,0.0026850786,6.3350542515,0.0170101188
"The Homer They Fall","tatum","4F03","1996-11-10",8,3,156,12,1,0.0045575389,3.8501476017,0.0175471976
"Burns, Baby Burns","larry","4F05","1996-11-17",8,4,157,22,1,0.0077601411,2.901067047,0.0225126896
"Bart After Dark","burlesque house","4F06","1996-11-24",8,5,158,10,2,0.0040436717,6.3350542515,0.0256168793
"A Milhouse Divided","luann","4F04","1996-12-01",8,6,159,11,1,0.0042275173,3.6959969219,0.0156248909
"Lisa's Date with Density","nelson","4F01","1996-12-15",8,7,160,18,1,0.0066815145,1.824194745,0.0121883836
"Hurricane Neddy","ned","4F07","1996-12-29",8,8,161,18,1,0.0070643642,1.7199337347,0.0121502383
"El Viaje Misterioso de Nuestro Jomer (The Mysterious Voyage of Homer)","soul mate","3F24","1997-01-05",8,9,162,16,2,0.0076335878,4.5432947823,0.0346816396
"The Springfield Files","alien","3G01","1997-01-12",8,10,163,14,1,0.0061295972,3.6959969219,0.0226549724
"The Twisted World of Marge Simpson","pretzel","4F08","1997-01-19",8,11,164,13,1,0.0053874845,4.2556127098,0.0229270473
"Mountain of Madness","cabin","4F10","1997-02-02",8,12,165,13,1,0.0056917688,4.1378296742,0.0235515699
"Simpsoncalifragilisticexpiala(Annoyed Grunt)cious","bobbins","3G03","1997-02-07",8,13,166,15,1,0.0068775791,6.3350542515,0.0435698367
"The Itchy & Scratchy & Poochie Show","poochie","4F12","1997-02-09",8,14,167,31,1,0.0114348949,4.0324691585,0.0461108609
"Homer's Phobia","deer","4F11","1997-02-16",8,15,168,9,1,0.0033872789,3.6270040504,0.0122856742
"Brother from Another Series","cecil","4F14","1997-02-23",8,16,169,13,1,0.0050446255,4.7256163391,0.0238389648
"My Sister, My Sitter","babysitter","4F13","1997-03-02",8,17,170,9,1,0.003515625,3.9371589787,0.0138415745
"Homer vs. the Eighteenth Amendment","prohibition","4F15","1997-03-16",8,18,171,14,1,0.0055888224,5.6419070709,0.0315316164
"Grade School Confidential","edna","4F09","1997-04-06",8,19,172,16,1,0.0060813379,2.506412855,0.0152423435
"The Canine Mutiny","laddie","4F16","1997-04-13",8,20,173,14,1,0.0058947368,4.9487598904,0.0291716372
"The Old Man and the Lisa","recycling","4F17","1997-04-20",8,21,174,12,1,0.0044759418,4.7256163391,0.0211515838
"In Marge We Trust","mr sparkle","4F18","1997-04-27",8,22,175,7,2,0.0030434783,5.6419070709,0.0171710215
"Homer's Enemy","its him its him","4F19","1997-05-04",8,23,176,10,4,0.0040469446,6.3350542515,0.0256376133
"The Simpsons Spin-Off Showcase","big daddy","4F20","1997-05-11",8,24,177,6,2,0.002529511,5.6419070709,0.0142712658
"The Secret War of Lisa Simpson","military school","4F21","1997-05-18",8,25,178,6,2,0.0025062657,6.3350542515,0.015877329
"The City of New York vs. Homer Simpson","new york","4F22","1997-09-21",9,1,179,12,2,0.0064829822,2.6214821848,0.0169950223
"The Principal and the Pauper","armin","4F23","1997-09-28",9,2,180,11,1,0.0040278286,6.3350542515,0.0255165129
"Lisa's Sax","air conditioner","3G02","1997-10-19",9,3,181,7,2,0.0030159414,3.9371589787,0.0118742408
"Treehouse of Horror VIII","witch","5F02","1997-10-26",9,4,182,11,1,0.0054428501,3.1570004212,0.01718308
"The Cartridge Family","gun","5F01","1997-11-02",9,5,183,26,1,0.011348756,1.8024547583,0.0204556193
"Bart Star","youre cut","5F03","1997-11-09",9,6,184,7,2,0.002991453,6.3350542515,0.018951017
"The Two Mrs. Nahasapeemapetilons","i got zero","5F04","1997-11-16",9,7,185,5,3,0.0019880716,6.3350542515,0.0125945413
"Lisa the Skeptic","angel","5F05","1997-11-23",9,8,186,37,1,0.0138008206,2.5283917617,0.0348938811
"Realty Bites","that house","5F06","1997-12-07",9,9,187,6,2,0.00249066,4.3891441024,0.0109318658
"Miracle on Evergreen Terrace","washcloth","5F07","1997-12-21",9,10,188,6,1,0.0028571429,5.2364419628,0.0149612628
"All Singing, All Dancing","gonna paint","5F24","1998-01-04",9,11,189,6,2,0.0079155673,4.9487598904,0.0391722419
"Bart Carny","ding ding","5F08","1998-01-11",9,12,190,16,2,0.0064102564,4.1378296742,0.0265245492
"The Joy of Sect","na na","5F23","1998-02-08",9,13,191,42,2,0.0153284672,4.9487598904,0.0758569034
"Das Bus","internet","5F11","1998-02-15",9,14,192,11,1,0.0048500882,2.3647623379,0.0114693059
"The Last Temptation of Krust","canyonero","5F10","1998-02-22",9,15,193,17,1,0.0066823899,5.6419070709,0.037701423
"Dumbbell Indemnity","renee","5F12","1998-03-01",9,16,194,8,1,0.0031189084,6.3350542515,0.0197584538
"Lisa the Simpson","ha ha","4F24","1998-03-08",9,17,195,15,2,0.0060827251,1.7199337347,0.010461884
"This Little Wiggy","ralph","5F13","1998-03-22",9,18,196,35,1,0.0154320988,2.0723743745,0.031981086
"Simpson Tide","earring","3G04","1998-03-29",9,19,197,9,1,0.003968254,4.7256163391,0.0187524458
"The Trouble with Trillions","trillion","5F14","1998-04-05",9,20,198,10,1,0.0039339103,5.6419070709,0.0221947564
"Girly Edition","mojo","5F15","1998-04-19",9,21,199,8,1,0.0032193159,5.2364419628,0.0168577608
"Trash of the Titans","patterson","5F09","1998-04-26",9,22,200,10,1,0.0038925652,4.9487598904,0.0192633705
"King of the Hill","power sauce","5F16","1998-05-03",9,23,201,15,2,0.0071770335,6.3350542515,0.0454668965
"Lost Our Lisa","do do do","5F17","1998-05-10",9,24,202,21,3,0.0098777046,3.9371589787,0.0388900934
"Natural Born Kissers","cha","5F18","1998-05-17",9,25,203,6,1,0.0027124774,4.0324691585,0.0109379814
"Lard of the Dance","grease","5F20","1998-08-23",10,1,204,24,1,0.0093713393,3.3906152723,0.0317746062
"The Wizard of Evergreen Terrace","edison","5F21","1998-09-20",10,2,205,24,1,0.0096308186,4.9487598904,0.0476606089
"Bart the Mother","lizards","5F22","1998-09-27",10,3,206,9,1,0.0036930652,4.9487598904,0.0182760932
"Treehouse of Horror IX","this little piggy went","AABF01","1998-10-25",10,4,207,4,4,0.0022172949,6.3350542515,0.0140466835
"When You Dish Upon a Star","alec","5F19","1998-11-08",10,5,208,11,1,0.0039668229,4.9487598904,0.0196308542
"D'oh-in' in the Wind","hippie","AABF02","1998-11-15",10,6,209,13,1,0.0055484422,3.2905318138,0.0182573255
"Lisa Gets an ""A""","pinchy","AABF03","1998-11-22",10,7,210,12,1,0.0045454545,6.3350542515,0.0287957011
"Homer Simpson in: ""Kidney Trouble""","kidney","AABF04","1998-12-06",10,8,211,10,1,0.0041254125,3.6270040504,0.014962888
"Mayored to the Mob","mayor","AABF05","1998-12-20",10,9,212,23,1,0.0089355089,2.3838105329,0.0213005603
"Viva Ned Flanders","okay okay okay","AABF06","1999-01-10",10,10,213,6,3,0.0024154589,4.3891441024,0.0106017973
"Wild Barts Can't Be Broken","curfew","AABF07","1999-01-17",10,11,214,10,1,0.0042069836,6.3350542515,0.0266514693
"Sunday, Cruddy Sunday","super bowl","AABF08","1999-01-31",10,12,215,13,2,0.0050920486,3.3393219779,0.0170039897
"Homer to the Max","max power","AABF09","1999-02-07",10,13,216,12,2,0.004552352,6.3350542515,0.0288393972
"I'm with Cupid","manjula","AABF11","1999-02-14",10,14,217,9,1,0.0035828025,3.9371589787,0.0141060632
"Marge Simpson in: ""Screaming Yellow Honkers""","nbc","AABF10","1999-02-21",10,15,218,5,1,0.0022431584,4.5432947823,0.0101913297
"Make Room for Lisa","hippie lady","AABF12","1999-02-28",10,16,219,4,2,0.001490313,6.3350542515,0.0094412135
"Maximum Homerdrive","trucker","AABF13","1999-03-28",10,17,220,6,1,0.00243309,5.6419070709,0.0137272678
"Simpsons Bible Stories","goliath","AABF14","1999-04-04",10,18,221,14,1,0.0072614108,4.5432947823,0.0329907297
"Mom and Pop Art","art","AABF15","1999-04-11",10,19,222,20,1,0.0082068117,1.9530276168,0.0160281298
"The Old Man and the ""C"" Student","springs","AABF16","1999-04-25",10,20,223,10,1,0.0043744532,4.7256163391,0.0206719875
"Monty Can't Buy Me Love","arthur fortune","AABF17","1999-05-02",10,21,224,8,2,0.0032520325,6.3350542515,0.0206018024
"They Saved Lisa's Brain","gazebo","AABF18","1999-05-09",10,22,225,6,1,0.0021929825,5.6419070709,0.0123726032
"Thirty Minutes over Tokyo","plum met","AABF20","1999-05-16",10,23,226,8,2,0.0034662045,6.3350542515,0.0219585936
"Beyond Blunderdome","mel","AABF23","1999-09-26",11,1,227,30,1,0.0109609061,2.5508646176,0.0279597876
"Brother's Little Helper","focusyn","AABF22","1999-10-03",11,2,228,5,1,0.0018477458,6.3350542515,0.0117055696
"Guess Who's Coming to Criticize Dinner?","critic","AABF21","1999-10-24",11,3,229,12,1,0.0048192771,4.0324691585,0.0194335863
"Treehouse of Horror X","xena","BABF01","1999-10-31",11,4,230,7,1,0.0033557047,5.6419070709,0.0189325741
"E-I-E-I-(Annoyed Grunt)","glove slap","AABF19","1999-11-07",11,5,231,16,2,0.0062671367,6.3350542515,0.039702651
"Hello Gutter, Hello Fadder","perfect game","BABF02","1999-11-14",11,6,232,6,2,0.0027688048,6.3350542515,0.0175405286
"Eight Misbehavin'","babies","BABF03","1999-11-21",11,7,233,18,1,0.0073710074,2.017566138,0.0148714949
"Take My Wife, Sleaze","oink","BABF05","1999-11-28",11,8,234,9,1,0.004,4.9487598904,0.0197950396
"Grift of the Magi","funzo","BABF07","1999-12-19",11,9,235,14,1,0.0054390054,5.6419070709,0.0306863632
"Little Big Mom","leprosy","BABF04","2000-01-09",11,10,236,7,1,0.0031919745,4.9487598904,0.0157963152
"Faith Off","tes","BABF06","2000-01-16",11,11,237,14,1,0.0057803468,6.3350542515,0.0366188107
"The Mansion Family","naught naught","BABF08","2000-01-23",11,12,238,7,2,0.0030987162,6.3350542515,0.0196305355
"Saddlesore Galactica","duncan","BABF09","2000-02-06",11,13,239,13,1,0.00554371,4.7256163391,0.0261974467
"Alone Again, Natura-diddily","ned","BABF11","2000-02-13",11,14,240,19,1,0.0073614878,1.7199337347,0.0126612712
"Missionary: Impossible","oh god oh god","BABF10","2000-02-20",11,15,241,9,4,0.0039665051,4.3891441024,0.0174095623
"Pygmoelian","dr tad","BABF12","2000-02-27",11,16,242,8,2,0.0033126294,6.3350542515,0.020985687
"Bart to the Future","smell ya later","BABF13","2000-03-19",11,17,243,6,3,0.0021913806,4.7256163391,0.0103556238
"Days of Wine and D'oh'ses","barney","BABF14","2000-04-09",11,18,244,18,1,0.0076368265,1.9783454248,0.0151082807
"Kill the Alligator and Run","spring break","BABF16","2000-04-30",11,19,245,10,2,0.0042863266,4.9487598904,0.0212120012
"Last Tap Dance in Springfield","tap a","BABF15","2000-05-07",11,20,246,24,2,0.0099543758,6.3350542515,0.0630615106
"It's a Mad, Mad, Mad, Mad Marge","becky","BABF18","2000-05-14",11,21,247,19,1,0.0082501086,4.7256163391,0.0389868478
"Behind the Laughter","the simpsons","BABF19","2000-05-21",11,22,248,17,2,0.0070568701,1.8691461328,0.0131903214
"Treehouse of Horror XI","dolphins","BABF21","2000-11-01",12,1,249,14,1,0.0079863092,4.5432947823,0.0362841568
"A Tale of Two Springfields","the who","BABF20","2000-11-05",12,2,250,16,2,0.006834686,4.3891441024,0.0299984219
"Insane Clown Poppy","a weema way a","BABF17","2000-11-12",12,3,251,4,4,0.001776988,6.3350542515,0.0112573154
"Lisa the Tree Hugger","put it in your cap","CABF01","2000-11-19",12,4,252,4,5,0.0020212228,6.3350542515,0.0128045563
"Homer vs. Dignity","sim","CABF04","2000-11-26",12,5,253,8,1,0.0033112583,4.7256163391,0.0156477362
"The Computer Wore Menace Shoes","mr x","CABF02","2000-12-03",12,6,254,20,2,0.0085763293,5.6419070709,0.0483868531
"The Great Money Caper","carjacking","CABF03","2000-12-10",12,7,255,5,1,0.0020559211,6.3350542515,0.0130243714
"Skinner's Sense of Snow","caucus","CABF06","2000-12-17",12,8,256,5,1,0.0023212628,6.3350542515,0.0147053256
"HOMR","crayon","BABF22","2001-01-07",12,9,257,9,1,0.0041058394,4.9487598904,0.0203188134
"Pokey Mom","spread spread","CABF05","2001-01-14",12,10,258,5,2,0.0020112631,6.3350542515,0.0127414607
"Worst Episode Ever","comic book","CABF08","2001-02-04",12,11,259,7,2,0.0031588448,2.901067047,0.0091640205
"Tennis the Menace","tennis","CABF07","2001-02-11",12,12,260,18,1,0.0076955964,3.5018409074,0.0269487543
"Day of the Jackanapes","mukluk","CABF10","2001-02-18",12,13,261,4,1,0.0017605634,6.3350542515,0.0111532645
"New Kids on the Blecch","nioj","CABF12","2001-02-25",12,14,262,13,1,0.0061993324,6.3350542515,0.0392731069
"Hungry, Hungry Homer","albuquerque","CABF09","2001-03-04",12,15,263,12,1,0.0054005401,4.9487598904,0.026725976
"Bye, Bye, Nerdie","bully","CABF11","2001-03-11",12,16,264,7,1,0.0034791252,2.8086937269,0.0097717973
"Simpson Safari","chimps","CABF13","2001-04-01",12,17,265,7,1,0.0038356164,4.7256163391,0.0181256517
"Trilogy of Error","thumb","CABF14","2001-04-29",12,18,266,18,1,0.0095897709,3.3393219779,0.0320233328
"I'm Goin' to Praiseland","maude","CABF15","2001-05-06",12,19,267,17,1,0.0071398572,2.77970619,0.0198467053
"Children of a Lesser Clod","a boo peek a boo","CABF16","2001-05-13",12,20,268,7,5,0.0029761905,6.3350542515,0.0188543281
"Simpsons Tall Tales","bunyan","CABF17","2001-05-20",12,21,269,5,1,0.0029359953,5.6419070709,0.0165646127
"Treehouse of Horror XII","pierce","CABF19","2001-11-06",13,1,270,9,1,0.0049450549,4.7256163391,0.0233684324
"The Parent Rap","judge","CABF22","2001-11-11",13,2,271,15,1,0.0065992081,1.8464178818,0.0121848958
"Homer the Moe","turkey turkey","CABF20","2001-11-18",13,3,272,6,2,0.0024549918,6.3350542515,0.0155525063
"A Hunka Hunka Burns in Love","gloria","CABF18","2001-12-02",13,4,273,8,1,0.0034858388,4.7256163391,0.0164727367
"The Blunder Years","bom","CABF21","2001-12-09",13,5,274,34,1,0.0141843972,4.9487598904,0.0701951758
"She of Little Faith","buddhist","DABF02","2001-12-16",13,6,275,7,1,0.0031460674,4.2556127098,0.0133884445
"Brawl in the Family","gabriel","DABF01","2002-01-06",13,7,276,6,1,0.0029382958,5.6419070709,0.0165775918
"Sweets and Sour Marge","sugar","DABF03","2002-01-20",13,8,277,28,1,0.0131208997,2.0583881325,0.0270079043
"Jaws Wired Shut","jaw","DABF05","2002-01-27",13,9,278,9,1,0.0045988758,3.9371589787,0.0181065053
"Half-Decent Proposal","artie","DABF04","2002-02-10",13,10,279,22,1,0.0112016293,4.3891441024,0.0491655653
"The Bart Wants What It Wants","greta","DABF06","2002-02-17",13,11,280,11,1,0.0050505051,6.3350542515,0.0319952235
"The Lastest Gun in the West","buck","DABF07","2002-02-24",13,12,281,23,1,0.011181332,3.3906152723,0.0379115952
"The Old Man and the Key","hoochie","DABF09","2002-03-10",13,13,282,14,1,0.006514658,6.3350542515,0.0412707117
"Tales from the Public Domain","joan","DABF08","2002-03-17",13,14,283,14,1,0.0065359477,4.2556127098,0.0278144622
"Blame It on Lisa","brazil","DABF10","2002-03-31",13,15,284,14,1,0.0089001907,4.0324691585,0.0358897446
"Weekend at Burnsie's","doo doo doo doo","DABF11","2002-04-07",13,16,285,10,4,0.0044052863,4.9487598904,0.0218007044
"Gump Roast","doo da","DABF12","2002-04-21",13,17,286,5,2,0.0046598322,5.6419070709,0.0262903405
"I Am Furious (Yellow)","angry dad","DABF13","2002-04-28",13,18,287,14,2,0.0062864841,5.6419070709,0.0354677589
"The Sweetest Apu","manjula","DABF14","2002-05-05",13,19,288,10,1,0.0045105999,3.9371589787,0.0177589489
"Little Girl in the Big Ten","flex flex","DABF15","2002-05-12",13,20,289,6,2,0.0028235294,6.3350542515,0.017887212
"The Frying Game","bellamy","DABF16","2002-05-19",13,21,290,6,1,0.0027272727,5.6419070709,0.0153870193
"Poppa's Got a Brand New Badge","jingle bell","DABF17","2002-05-22",13,22,291,4,2,0.0018223235,6.3350542515,0.011544518
"Treehouse of Horror XIII","beer beer beer","DABF19","2002-11-03",14,1,292,8,3,0.0042666667,5.2364419628,0.0223421524
"How I Spent My Strummer Vacation","baby baby","DABF22","2002-11-10",14,2,293,7,2,0.0027290448,5.6419070709,0.0153970173
"Bart vs. Lisa vs. the Third Grade","punch buggy","DABF20","2002-11-17",14,3,294,7,2,0.003286385,6.3350542515,0.0208194271
"Large Marge","yuck yuck","DABF18","2002-11-24",14,4,295,13,2,0.0052356021,6.3350542515,0.0331678233
"Helter Shelter","doot doot","DABF21","2002-12-01",14,5,296,9,2,0.0041763341,6.3350542515,0.0264573031
"The Great Louse Detective","accustomed to","EABF01","2002-12-15",14,6,297,7,2,0.003458498,5.6419070709,0.0195125245
"Special Edna","teacher of the year","EABF02","2003-01-05",14,7,298,7,4,0.0031531532,6.3350542515,0.0199753963
"The Dad Who Knew Too Little","diary","EABF03","2003-01-12",14,8,299,10,1,0.0041237113,4.1378296742,0.0170632152
"The Strong Arms of the Ma","sword","EABF04","2003-02-02",14,9,300,9,1,0.0045408678,3.9371589787,0.0178781185
"Pray Anything","vengeful god loving god","EABF06","2003-02-09",14,10,301,6,4,0.0026942075,6.3350542515,0.0170679504
"Barting Over","la la la","EABF05","2003-02-16",14,11,302,17,3,0.007515473,3.0769577135,0.0231247927
"I'm Spelling As Fast As I Can","ribwich","EABF07","2003-02-16",14,12,303,14,1,0.0056247489,5.6419070709,0.0317343106
"A Star Is Born-Again","sara","EABF08","2003-03-02",14,13,304,16,1,0.006374502,5.2364419628,0.0333797097
"Mr. Spritz Goes to Washington","yap yap","EABF09","2003-03-09",14,14,305,13,2,0.00514444,5.6419070709,0.0290244527
"C.E.D'oh","a patsy","EABF10","2003-03-16",14,15,306,5,2,0.002055076,6.3350542515,0.0130190182
"'Scuse Me While I Miss the Sky","hood ornament","EABF11","2003-03-30",14,16,307,7,2,0.0034146341,6.3350542515,0.0216318926
"Three Gays of the Condo","gay","EABF12","2003-04-13",14,17,308,12,1,0.0041899441,1.77070606,0.0074191595
"Dude, Where's My Ranch?","clara","EABF13","2003-04-27",14,18,309,7,1,0.0029673591,6.3350542515,0.0187983806
"Old Yeller-Belly","suds","EABF14","2003-05-04",14,19,310,9,1,0.0044160942,4.3891441024,0.0193828739
"Brake My Wife, Please","chaka","EABF15","2003-05-11",14,20,311,6,1,0.0023724792,6.3350542515,0.0150297847
"The Bart of War","cavalry","EABF16","2003-05-18",14,21,312,10,1,0.0045829514,5.6419070709,0.025856586
"Moe Baby Blues","la la la","EABF17","2003-05-18",14,22,313,8,3,0.0034707158,3.0769577135,0.0106792459
"Treehouse of Horror XIV","nobel","EABF21","2003-11-02",15,1,314,11,1,0.0051186598,4.2556127098,0.0217830339
"My Mother the Carjacker","t shirt","EABF18","2003-11-09",15,2,315,7,2,0.0029825309,2.751535313,0.0082065391
"The President Wore Pearls","student body president","EABF20","2003-11-16",15,3,316,5,3,0.0019319938,6.3350542515,0.0122392856
"The Regina Monologues","keep turning","EABF22","2003-11-23",15,4,317,8,2,0.0033112583,6.3350542515,0.0209770008
"The Fat and the Furriest","bear","EABF19","2003-11-30",15,5,318,27,1,0.0150250417,1.9406050968,0.0291576726
"Today I Am a Clown","h h h","FABF01","2003-12-07",15,6,319,12,3,0.0053981107,6.3350542515,0.0341973239
"'Tis the Fifteenth Season","christmas","FABF02","2003-12-14",15,7,320,23,1,0.0094417077,1.5988558031,0.0150959292
"Marge vs. Singles, Seniors, Childless Couples and Teens and Gays","whoop whoop","FABF03","2004-01-04",15,8,321,13,2,0.0056521739,5.6419070709,0.03188904
"I, (Annoyed Grunt)-bot","bike","FABF04","2004-01-11",15,9,322,16,1,0.0079641613,2.4849066498,0.0197901973
"Diatribe of a Mad Housewife","temperance","FABF05","2004-01-25",15,10,323,11,1,0.004261914,5.6419070709,0.0240453227
"Margical History Tour","butt butt","FABF06","2004-02-08",15,11,324,9,2,0.003887689,6.3350542515,0.0246287206
"Milhouse Doesn't Live Here Anymore","scots","FABF07","2004-02-15",15,12,325,7,1,0.0028559772,5.6419070709,0.0161131577
"Smart & Smarter","z z","FABF09","2004-02-22",15,13,326,17,2,0.0078996283,6.3350542515,0.0500445735
"The Ziff Who Came to Dinner","artie","FABF08","2004-03-14",15,14,327,21,1,0.0086956522,4.3891441024,0.0381664705
"Co-Dependents' Day","li li","FABF10","2004-03-21",15,15,328,32,2,0.0122370937,6.3350542515,0.0775226524
"The Wandering Juvie","gina","FABF11","2004-03-28",15,16,329,5,1,0.0023234201,6.3350542515,0.0147189922
"My Big Fat Geek Wedding","edna","FABF12","2004-04-18",15,17,330,25,1,0.0097924011,2.506412855,0.0245438
"Catch 'Em If You Can","dayton","FABF14","2004-04-25",15,18,331,10,1,0.0045269353,6.3350542515,0.0286783805
"Simple Simpson","pie man","FABF15","2004-05-02",15,19,332,27,2,0.0115929584,5.6419070709,0.0654063937
"The Way We Weren't","bok","FABF13","2004-05-09",15,20,333,8,1,0.0036697248,6.3350542515,0.0232479055
"Bart-Mangled Banner","bart pass the","FABF17","2004-05-16",15,21,334,4,3,0.0017101325,5.6419070709,0.0096484088
"Fraudcast News","geezer rock","FABF18","2004-05-23",15,22,335,8,2,0.0035429584,6.3350542515,0.0224448335
"Treehouse of Horror XV","murderer","FABF23","2004-11-07",16,1,336,7,1,0.0032437442,3.6959969219,0.0119888686
"All's Fair in Oven War","ovenfresh","FABF20","2004-11-14",16,2,337,15,1,0.0062034739,6.3350542515,0.039299344
"Sleeping with the Enemy","duck duck duck","FABF19","2004-11-21",16,3,338,51,3,0.0237651445,6.3350542515,0.1505534794
"She Used to Be My Girl","chloe","FABF22","2004-12-05",16,4,339,26,1,0.0112798265,5.2364419628,0.0590661566
"Fat Man and Little Boy","t shirts","FABF21","2004-12-12",16,5,340,9,2,0.0036809816,3.8501476017,0.0141723225
"Midnight Rx","la la la la","FABF16","2005-01-16",16,6,341,22,4,0.0092866188,3.2440117981,0.030125901
"Mommie Beerest","moes","GABF01","2005-01-30",16,7,342,15,1,0.0058049536,1.6906633524,0.0098142222
"Homer and Ned's Hail Mary Pass","super bowl","GABF02","2005-02-06",16,8,343,10,2,0.0043327556,3.3393219779,0.0144684661
"Pranksta Rap","alcatraaaz","GABF03","2005-02-13",16,9,344,5,1,0.0019409938,6.3350542515,0.012296301
"There's Something About Marrying","veronica","GABF04","2005-02-20",16,10,345,8,1,0.0031658093,5.6419070709,0.0178612016
"On a Clear Day I Can't See My Sister","restraining","GABF05","2005-03-06",16,11,346,13,1,0.0060662622,5.2364419628,0.0317656302
"Goo Goo Gai Pan","ling","GABF06","2005-03-13",16,12,347,10,1,0.0043047783,4.2556127098,0.0183194693
"Mobile Homer","ive been everywhere","GABF07","2005-03-20",16,13,348,9,3,0.0039491005,6.3350542515,0.0250177658
"The Seven-Beer Snitch","kill the rat","GABF08","2005-04-03",16,14,349,11,3,0.0048076923,6.3350542515,0.0304569916
"Future-Drama","jenda","GABF12","2005-04-17",16,15,350,10,1,0.0043402778,5.2364419628,0.0227276127
"Don't Fear the Roofer","ray","GABF10","2005-05-01",16,16,351,27,1,0.0105923892,2.5283917617,0.0267817095
"The Heartbroke Kid","vending","GABF11","2005-05-01",16,17,352,4,1,0.0017746229,4.3891441024,0.0077890756
"A Star Is Torn","yep no yep no","GABF13","2005-05-08",16,18,353,5,4,0.0022872827,6.3350542515,0.01449006
"Thank God It's Doomsday","rapture","GABF14","2005-05-08",16,19,354,20,1,0.0082850041,4.9487598904,0.0410004962
"Home Away from Homer","chop shop","GABF15","2005-05-15",16,20,355,3,2,0.0014058107,6.3350542515,0.008905887
"The Father, the Son, and the Holy Guest Star","catholic","GABF09","2005-05-15",16,21,356,14,1,0.0051338467,3.9371589787,0.0202127707
"The Bonfire of the Manatees","manatee","GABF18","2005-09-11",17,1,357,8,1,0.0031446541,5.6419070709,0.0177418461
"The Girl Who Slept Too Little","stamp museum","GABF16","2005-09-18",17,2,358,6,2,0.002853067,6.3350542515,0.0180743345
"Milhouse of Sand and Fog","pox","GABF19","2005-09-25",17,3,359,13,1,0.0048927362,4.5432947823,0.0222291427
"Treehouse of Horror XVI","robot","GABF17","2005-11-06",17,4,360,10,1,0.0049188392,2.4432339534,0.0120178748
"Marge's Son Poisoning","do do do","GABF20","2005-11-13",17,5,361,11,3,0.0049773756,3.9371589787,0.0195967189
"See Homer Run","re call","GABF21","2005-11-20",17,6,362,12,2,0.0051238258,6.3350542515,0.0324597144
"The Last of the Red Hat Mamas","italian","GABF22","2005-11-27",17,7,363,11,1,0.0050412466,2.901067047,0.0146249943
"The Italian Bob","vendetta","HABF02","2005-12-11",17,8,364,19,1,0.0085278276,6.3350542515,0.0540242508
"Simpsons Christmas Stories","christmas","HABF01","2005-12-18",17,9,365,24,1,0.0121028744,1.5988558031,0.019350751
"Homer's Paternity Coot","fairbanks","HABF03","2006-01-08",17,10,366,7,1,0.0030395137,6.3350542515,0.019255484
"We're on the Road to D'ohwhere","bom","HABF04","2006-01-29",17,11,367,8,1,0.0035366932,4.9487598904,0.0175022454
"My Fair Laddy","bombardment","HABF05","2006-02-26",17,12,368,19,1,0.0091654607,5.2364419628,0.0479944029
"The Seemingly Never-Ending Story","one two three four","HABF06","2006-03-12",17,13,369,9,4,0.00375,3.6959969219,0.0138599885
"Bart Has Two Mommies","toot","HABF07","2006-03-19",17,14,370,16,1,0.0071813285,4.3891441024,0.0315198858
"Homer Simpson, This Is Your Wife","do it ill do it","HABF08","2006-03-26",17,15,371,6,5,0.0023631351,6.3350542515,0.014970589
"Million-Dollar Abie","springfield blows","HABF09","2006-04-02",17,16,372,5,2,0.0024497795,6.3350542515,0.0155194862
"Kiss Kiss, Bang Bangalore","a bom shabai","HABF10","2006-04-09",17,17,373,16,3,0.0076081788,6.3350542515,0.0481982254
"The Wettest Stories Ever Told","merrily","HABF11","2006-04-23",17,18,374,6,1,0.002548853,5.6419070709,0.0143803919
"Girls Just Want to Have Sums","math","HABF12","2006-04-30",17,19,375,22,1,0.0099277978,2.6974680918,0.0267799179
"Regarding Margie","untidy","HABF13","2006-05-07",17,20,376,6,1,0.002293578,6.3350542515,0.0145299409
"The Monkey Suit","evolution","HABF14","2006-05-14",17,21,377,15,1,0.0070788108,5.2364419628,0.0370677817
"Marge and Homer Turn a Couple Play","buck","HABF16","2006-05-21",17,22,378,27,1,0.0117801047,3.3906152723,0.0399418029
"The Mook, the Chef, the Wife and Her Homer","fart fart","HABF15","2006-09-10",18,1,379,10,2,0.0047125353,6.3350542515,0.0298541671
"Jazzy and the Pussycats","groovay","HABF18","2006-09-17",18,2,380,6,1,0.0033076075,6.3350542515,0.0209538729
"Please Homer, Don't Hammer 'Em","blah blah blah blah","HABF20","2006-09-24",18,3,381,12,4,0.0058823529,4.1378296742,0.0243401746
"Treehouse of Horror XVII","golem","HABF17","2006-11-05",18,4,382,4,1,0.0021621622,5.6419070709,0.012198718
"G.I. (Annoyed Grunt)","frontline infantry","HABF21","2006-11-12",18,5,383,32,2,0.0146991272,6.3350542515,0.0931197685
"Moe'N'a Lisa","poem","HABF19","2006-11-19",18,6,384,9,1,0.0039508341,3.4446824936,0.0136093689
"Ice Cream of Margie (with the Light Blue Hair)","penalty penalty","HABF22","2006-11-26",18,7,385,5,2,0.0024437928,6.3350542515,0.0154815598
"The Haw-Hawed Couple","greystash","JABF02","2006-12-10",18,8,386,13,1,0.0055579307,6.3350542515,0.0352097928
"Kill Gil, Volumes I & II","grumply","JABF01","2006-12-17",18,9,387,11,1,0.0050597976,6.3350542515,0.0320540923
"The Wife Aquatic","yum","JABF03","2007-01-07",18,10,388,11,1,0.006440281,4.0324691585,0.0259702346
"Revenge Is a Dish Best Served Three Times","revenge","JABF05","2007-01-28",18,11,389,22,1,0.0115303983,2.5738541358,0.0296775634
"Little Big Girl","darcy","JABF04","2007-02-11",18,12,390,7,1,0.0033301618,6.3350542515,0.0210967554
"Springfield Up","squeaky","JABF07","2007-02-18",18,13,391,9,1,0.0035587189,4.9487598904,0.0176112452
"Yokel Chords","stanley","JABF09","2007-03-04",18,14,392,13,1,0.0052567732,4.3891441024,0.0230727349
"Rome-Old and Juli-Eh","selma","JABF08","2007-03-11",18,15,393,16,1,0.0075294118,2.3838105329,0.0179486911
"Homerazzi","yi yi yi yi yi","JABF06","2007-03-25",18,16,394,12,5,0.0064655172,6.3350542515,0.0409594025
"Marge Gamer","shadow knight","JABF10","2007-04-22",18,17,395,7,2,0.0030647986,6.3350542515,0.0194156654
"The Boys of Bummer","mattress","JABF11","2007-04-29",18,18,396,11,1,0.004880213,4.0324691585,0.0196793082
"Crook and Ladder","mood swings mood swings","JABF13","2007-05-06",18,19,397,10,4,0.0055959709,6.3350542515,0.0354507792
"Stop or My Dog Will Shoot!","maze","JABF12","2007-05-13",18,20,398,8,1,0.0044843049,4.5432947823,0.0203735192
"24 Minutes","bake sale","JABF14","2007-05-20",18,21,399,9,2,0.0050083472,4.3891441024,0.0219823578
"You Kent Always Say What You Want","liberals","JABF15","2007-05-20",18,22,400,9,1,0.0037251656,5.6419070709,0.0210170379
"He Loves to Fly and He D'ohs","beer beer","JABF20","2007-09-23",19,1,401,9,2,0.0043144775,4.7256163391,0.0203885652
"The Homer of Seville","opera","JABF18","2007-09-30",19,2,402,10,1,0.0050226017,3.8501476017,0.0193377579
"Midnight Towboy","ey","JABF21","2007-10-07",19,3,403,12,1,0.006097561,4.3891441024,0.0267630738
"I Don't Wanna Know Why the Caged Bird Sings","dwight","JABF19","2007-10-14",19,4,404,12,1,0.0058309038,4.9487598904,0.0288557428
"Treehouse of Horror XVIII","alien","JABF16","2007-11-04",19,5,405,6,1,0.0032912781,3.6959969219,0.0121645538
"Little Orphan Millie","norbert","JABF22","2007-11-11",19,6,406,7,1,0.0033589251,6.3350542515,0.021278973
"Husbands and Knives","pussycat","JABF17","2007-11-18",19,7,407,10,1,0.0040983607,5.2364419628,0.0214608277
"Funeral for a Fiend","bob","KABF01","2007-11-25",19,8,408,18,1,0.007223114,2.2079198665,0.0159480568
"Eternal Moonshine of the Simpson Mind","forget me shot","KABF02","2007-12-16",19,9,409,4,3,0.0019550342,6.3350542515,0.0123852478
"E Pluribus Wiggum","ralph","KABF03","2008-01-06",19,10,410,26,1,0.0111396744,2.0723743745,0.0230855757
"That '90s Show","marge a rine","KABF04","2008-01-27",19,11,411,5,3,0.0021505376,6.3350542515,0.0136237726
"Love, Springfieldian Style","bollocks","KABF05","2008-02-17",19,12,412,8,1,0.0041004613,6.3350542515,0.0259766448
"The Debarted","rat","KABF06","2008-03-02",19,13,413,12,1,0.0064794816,2.5283917617,0.016382668
"Dial 'N' for Nerder","martin","KABF07","2008-03-09",19,14,414,16,1,0.0077145612,2.274611241,0.0175476277
"Smoke on the Daughter","ballet","KABF08","2008-03-30",19,15,415,10,1,0.0044385264,3.9371589787,0.0174751841
"Papa Don't Leech","lurleen","KABF09","2008-04-13",19,16,416,18,1,0.0072173216,5.2364419628,0.0377930855
"Apocalypse Cow","lou","KABF10","2008-04-27",19,17,417,20,1,0.0093852651,1.9162136437,0.0179841731
"Any Given Sundance","sundance","KABF11","2008-05-04",19,18,418,8,1,0.0033955857,5.6419070709,0.0191575792
"Mona Leaves-a","wokka","KABF12","2008-05-11",19,19,419,5,1,0.0023809524,6.3350542515,0.0150834625
"All About Lisa","krusty","KABF13","2008-05-18",19,20,420,24,1,0.0091883614,1.3244189574,0.01216924
"Sex, Pies and Idiot Scrapes","loora","KABF17","2008-09-28",20,1,421,8,1,0.0033783784,6.3350542515,0.0214022103
"Lost Verizon","leary","KABF15","2008-10-05",20,2,422,11,1,0.0053710938,6.3350542515,0.0340261703
"Double, Double, Boy in Trouble","bub bub","KABF14","2008-10-19",20,3,423,6,2,0.0026235243,6.3350542515,0.0166201686
"Dangerous Curves","limbo","KABF18","2008-11-09",20,5,425,7,1,0.0029927319,4.9487598904,0.0148103118
"Homer and Lisa Exchange Cross Words","crossword","KABF19","2008-11-16",20,6,426,10,1,0.0046620047,4.5432947823,0.0211808615
"MyPods and Boomsticks","mapple","KABF20","2008-11-30",20,7,427,11,1,0.005052825,5.2364419628,0.0264588248
"The Burns and the Bees","bees","KABF21","2008-12-07",20,8,428,31,1,0.0148325359,3.1995600356,0.047457589
"Lisa the Drama Queen","equalia","KABF22","2009-01-25",20,9,429,11,1,0.0045342127,6.3350542515,0.0287244834
"Take My Life, Please","vance","LABF01","2009-02-15",20,10,430,14,1,0.0074946467,5.6419070709,0.0422841001
"How the Test Was Won","doy","LABF02","2009-03-01",20,11,431,8,1,0.0034737299,5.2364419628,0.0181899851
"No Loan Again, Naturally","landlord","LABF03","2009-03-08",20,12,432,4,1,0.0017482517,4.7256163391,0.008261567
"Gone Maggie Gone","the gem","LABF04","2009-03-15",20,13,433,19,2,0.0088660756,6.3350542515,0.0561670699
"In the Name of the Grandfather","ireland","LABF11","2009-03-22",20,14,434,14,1,0.0058823529,4.2556127098,0.0250330159
"Wedding for Disaster","parson","LABF05","2009-03-29",20,15,435,6,1,0.0024135157,5.6419070709,0.0136168312
"Eeny Teeny Maya Moe","maya","LABF06","2009-04-05",20,16,436,7,1,0.0033175355,4.7256163391,0.0156774002
"The Good, the Sad and the Drugly","jenny","LABF07","2009-04-19",20,17,437,7,1,0.0029838022,4.9487598904,0.0147661207
"Father Knows Worst","washington monument","LABF08","2009-04-26",20,18,438,6,2,0.0024174053,5.2364419628,0.0126586026
"Waverly Hills, 9-0-2-1-D'oh","waverly","LABF10","2009-05-03",20,19,439,12,1,0.0052724077,6.3350542515,0.033400989
"Four Great Women and a Manicure","ho hi","LABF09","2009-05-10",20,20,440,18,2,0.0078740157,6.3350542515,0.0498823169
"Homer the Whopper","everyman","LABF13","2009-09-27",21,1,442,22,1,0.0099188458,6.3350542515,0.0628364263
"Bart Gets a 'Z'","la la la la","LABF15","2009-10-04",21,2,443,39,4,0.020956475,3.2440117981,0.0679830522
"The Great Wife Hope","chett","LABF16","2009-10-11",21,3,444,14,1,0.0072689512,6.3350542515,0.0460492002
"Treehouse of Horror XX","safe zone","LABF14","2009-10-18",21,4,445,6,2,0.0029382958,6.3350542515,0.0186142632
"The Devil Wears Nada","ho mie ho","LABF17","2009-11-15",21,5,446,5,3,0.0019833399,6.3350542515,0.0125645661
"Rednecks and Broomsticks","bonk it","LABF19","2009-11-29",21,7,448,18,2,0.0084705882,6.3350542515,0.053661636
"O Brother, Where Bart Thou?","naked bacon","MABF01","2009-12-13",21,8,449,8,2,0.0035571365,6.3350542515,0.0225346527
"Thursdays with Abie","larry","MABF02","2010-01-03",21,9,450,16,1,0.0069414317,2.901067047,0.0201375587
"Once Upon a Time in Springfield","princess","LABF20","2010-01-10",21,10,451,16,1,0.0066334992,2.6214821848,0.0173895999
"Million Dollar Maybe","you like potato","MABF03","2010-01-31",21,11,452,5,3,0.002236136,6.3350542515,0.0141660426
"Boy Meets Curl","curling","MABF05","2010-02-14",21,12,453,9,1,0.0045385779,5.2364419628,0.0237659998
"The Color Yellow","virgil","MABF06","2010-02-21",21,13,454,17,1,0.0068136273,5.6419070709,0.0384418518
"Postcards from the Wedge","homework","MABF04","2010-03-14",21,14,455,14,1,0.0057471264,2.3838105329,0.0137000605
"Stealing First Base","nikki","MABF07","2010-03-21",21,15,456,5,1,0.0023386342,6.3350542515,0.0148153748
"The Greatest Story Ever D'ohed","messiah","MABF10","2010-03-28",21,16,457,8,1,0.0042803638,4.5432947823,0.0194469547
"American History X-cellent","out of five","MABF08","2010-04-11",21,17,458,5,3,0.0022614202,4.7256163391,0.0106866041
"Chief of Hearts","parm","MABF09","2010-04-18",21,18,459,7,1,0.0029239766,6.3350542515,0.0185235504
"The Squirt and the Whale","whale","MABF14","2010-04-25",21,19,460,15,1,0.0070191858,2.901067047,0.0203631285
"To Surveil with Love","tsk","MABF12","2010-05-02",21,20,461,9,1,0.0037220844,5.6419070709,0.0209996541
"Moe Letter Blues","think back","MABF13","2010-05-09",21,21,462,6,2,0.0023112481,4.9487598904,0.0114378118
"The Bob Next Door","walt","MABF11","2010-05-16",21,22,463,10,1,0.0044189129,4.3891441024,0.0193952457
"Judge Me Tender","simon","MABF15","2010-05-23",21,23,464,6,1,0.0028011204,3.6270040504,0.0101596752
"Elementary School Musical","artists","MABF21","2010-09-26",22,1,465,24,1,0.0137851809,3.4446824936,0.0474855714
"Loan-a Lisa","handbag","MABF17","2010-10-03",22,2,466,6,1,0.0026258206,6.3350542515,0.0166347158
"MoneyBart","baseball","MABF18","2010-10-10",22,3,467,17,1,0.0074138683,2.1453995095,0.0159057094
"Treehouse of Horror XXI","vampire","MABF16","2010-11-07",22,4,468,8,1,0.0042440318,3.6270040504,0.0153931206
"Lisa Simpson, This Isn't Your Life","turn out like","MABF20","2010-11-14",22,5,469,4,3,0.0018223235,5.2364419628,0.009542491
"The Fool Monty","see i am","NABF01","2010-11-21",22,6,470,3,3,0.0013986014,6.3350542515,0.0088602157
"How Munched is That Birdie in the Window?","taps taps","NABF02","2010-11-28",22,7,471,17,2,0.0084033613,6.3350542515,0.05323575
"The Fight Before Christmas","ho ho ho ho","MABF22","2010-12-05",22,8,472,10,4,0.0041271151,4.9487598904,0.0204241019
"Donnie Fatso","nicky","MABF19","2010-12-12",22,9,473,7,1,0.0036477332,6.3350542515,0.0231085877
"Moms I'd Like to Forget","scar","NABF03","2011-01-09",22,10,474,7,1,0.0030674847,3.770104894,0.0115647389
"Flaming Moe","in in","NABF04","2011-01-16",22,11,475,4,2,0.0018552876,5.6419070709,0.0104673601
"Homer the Father","mini bike","NABF05","2011-01-23",22,12,476,9,2,0.0042674253,6.3350542515,0.0270343709
"The Blue and the Gray","wingman","NABF06","2011-02-13",22,13,477,10,1,0.0043402778,5.6419070709,0.0244874439
"Angry Dad: The Movie","angry dad","NABF07","2011-02-20",22,14,478,21,2,0.0097993467,5.6419070709,0.0552870035
"The Scorpion's Tale","drug","NABF08","2011-03-06",22,15,479,11,1,0.0047413793,2.751535313,0.0130460726
"A Midsummer's Nice Dream","cheech","NABF09","2011-03-13",22,16,480,18,1,0.0074937552,5.6419070709,0.0422790705
"Love Is a Many Strangled Thing","dr zander","NABF10","2011-03-27",22,17,481,6,2,0.0029776675,6.3350542515,0.0188636851
"The Great Simpsina","peach","NABF11","2011-04-10",22,18,482,31,1,0.0141101502,3.6270040504,0.0511775719
"The Real Housewives of Fat Tony","truffles","NABF12","2011-05-01",22,19,483,9,1,0.0033210332,6.3350542515,0.0210389256
"Homer Scissorhands","hairdresser","NABF13","2011-05-08",22,20,484,4,1,0.001759015,5.2364419628,0.0092109797
"500 Keys","and the day before","NABF14","2011-05-15",22,21,485,8,4,0.0034812881,6.3350542515,0.0220541488
"The Ned-Liest Catch","edna","NABF15","2011-05-22",22,22,486,21,1,0.0112660944,2.506412855,0.0282374839
"The Falcon and the D'ohman","wayne","NABF16","2011-09-25",23,1,487,13,1,0.0062590274,3.8501476017,0.0240981795
"Bart Stops to Smell the Roosevelts","roosevelt","NABF17","2011-10-02",23,2,488,14,1,0.0058724832,3.9371589787,0.0231209
"Treehouse of Horror XXII","hilarium","NABF19","2011-10-30",23,3,489,7,1,0.0025207058,6.3350542515,0.015968808
"Replaceable You","roz","NABF21","2011-11-06",23,4,490,8,1,0.0030769231,6.3350542515,0.0194924746
"The Food Wife","goorsha","NABF20","2011-11-13",23,5,491,10,1,0.004008016,6.3350542515,0.025390999
"The Book Job","our book","NABF22","2011-11-20",23,6,492,9,2,0.0041860465,5.6419070709,0.0236172854
"The Man in the Blue Flannel Pants","account","PABF01","2011-11-27",23,7,493,8,1,0.0029917726,3.3393219779,0.0099904921
"The Ten-Per-Cent Solution","krusty","PABF02","2011-12-04",23,8,494,25,1,0.0120365912,1.3244189574,0.0159414896
"Holidays of Future Passed","zia","NABF18","2011-12-11",23,9,495,4,1,0.0019831433,6.3350542515,0.0125633203
"Politically Inept, with Homer Simpson","gravy","PABF03","2012-01-08",23,10,496,11,1,0.0056818182,3.1570004212,0.0179375024
"The D'oh-cial Network","springface","PABF04","2012-01-15",23,11,497,6,1,0.0027161612,6.3350542515,0.0172070283
"Moe Goes from Rags to Riches","rag","PABF05","2012-01-29",23,12,498,12,1,0.0049668874,4.2556127098,0.0211371492
"The Daughter Also Rises","myth","PABF06","2012-02-12",23,13,499,8,1,0.0038149738,4.2556127098,0.0162350509
"At Long Last Leave","the outlands","PABF07","2012-02-19",23,14,500,3,2,0.0013623978,6.3350542515,0.0086308641
"Exit Through the Kwik-E-Mart","mr fatso","PABF09","2012-03-04",23,15,501,4,2,0.0018034265,6.3350542515,0.0114248048
"How I Wet Your Mother","karma","PABF08","2012-03-11",23,16,502,6,1,0.0025917927,4.9487598904,0.0128261595
"Them, Robot","hard or","PABF10","2012-03-18",23,17,503,5,2,0.0021881838,5.2364419628,0.0114582975
"Beware My Cheating Bart","shauna","PABF11","2012-04-15",23,18,504,7,1,0.0025725836,4.3891441024,0.0112914402
"A Totally Fun Thing That Bart Will Never Do Again","want want","PABF12","2012-04-29",23,19,505,9,2,0.0036809816,6.3350542515,0.0233192181
"The Spy Who Learned Me","cain","PABF13","2012-05-06",23,20,506,8,1,0.0031409501,5.2364419628,0.0164474031
"Ned 'n Edna's Blend","the passion","PABF15","2012-05-13",23,21,507,5,2,0.0030883261,5.2364419628,0.0161718405
"Lisa Goes Gaga","voop","PABF14","2012-05-20",23,22,508,18,1,0.0076303518,6.3350542515,0.0483386929
"Moonshine River","mary","PABF21","2012-09-30",24,1,509,13,1,0.0052208835,2.5973846332,0.0135606427
"Treehouse of Horror XXIII","black hole","PABF17","2012-10-07",24,2,510,7,2,0.0029130254,5.2364419628,0.0152538884
"Adventures in Baby-Getting","sinkhole","PABF18","2012-11-04",24,3,511,6,1,0.0026350461,4.9487598904,0.0130402105
"Gone Abie Gone","rita","PABF16","2012-11-11",24,4,512,7,1,0.0026595745,5.6419070709,0.015005072
"Penny-Wiseguys","the gun","PABF19","2012-11-18",24,5,513,8,2,0.0033112583,3.6959969219,0.0122384004
"A Tree Grows in Springfield","sauce cheese topping","PABF22","2012-11-25",24,6,514,7,3,0.0032618826,6.3350542515,0.0206642031
"The Day the Earth Stood Cool","t rex","PABF20","2012-12-09",24,7,515,6,2,0.0030690537,6.3350542515,0.0194426217
"To Cur with Love","bongo","RABF01","2012-12-16",24,8,516,19,1,0.0074045207,4.7256163391,0.0349909238
"Homer Goes to Prep School","boom boom","RABF02","2013-01-06",24,9,517,7,2,0.0028735632,4.7256163391,0.0135793573
"A Test Before Trying","meter","RABF03","2013-01-13",24,10,518,9,1,0.0041841004,4.1378296742,0.0173130949
"The Changing of the Guardian","guardians","RABF04","2013-01-27",24,11,519,4,1,0.0016701461,6.3350542515,0.0105804664
"Love is a Many-Splintered Thing","mary","RABF07","2013-02-10",24,12,520,16,1,0.0071269488,2.5973846332,0.0185114272
"Hardly Kirk-ing","slurp","RABF05","2013-02-17",24,13,521,6,1,0.0027497709,4.7256163391,0.0129943621
"Gorgeous Grampa","godfrey","RABF06","2013-03-03",24,14,522,13,1,0.0053807947,5.6419070709,0.0303579437
"Black Eyed, Please","ms cantwell","RABF09","2013-03-10",24,15,523,6,2,0.0024979184,6.3350542515,0.0158244486
"Dark Knight Court","fruit bat","RABF10","2013-03-17",24,16,524,5,2,0.0019992003,6.3350542515,0.0126650425
"What Animated Women Want","omakase","RABF08","2013-04-14",24,17,525,4,1,0.0019890602,6.3350542515,0.0126008041
"Pulpit Friction","day by day","RABF11","2013-04-28",24,18,526,11,3,0.0044989775,6.3350542515,0.0285012666
"Whiskey Business","how deep is your love","RABF13","2013-05-05",24,19,527,4,5,0.0016420361,6.3350542515,0.0104023879
"The Fabulous Faker Boy","zhenya","RABF12","2013-05-12",24,20,528,7,1,0.0033349214,6.3350542515,0.0211269079
"The Saga of Carl","carls","RABF14","2013-05-19",24,21,529,16,1,0.0075258702,4.9487598904,0.0372437245
"Dangers on a Train","anniversary","RABF17","2013-05-19",24,22,530,16,1,0.0070577856,3.1570004212,0.0222814322
"Homerland","more free stuff","RABF20","2013-09-29",25,1,531,7,3,0.0031263957,6.3350542515,0.0198058864
"Treehouse of Horror XXIV","gooble goo","RABF16","2013-10-06",25,2,532,9,2,0.0041763341,6.3350542515,0.0264573031
"Four Regrettings and a Funeral","regrets","RABF18","2013-11-03",25,3,533,11,1,0.0045814244,4.9487598904,0.0226723693
"YOLO","eduardo","RABF22","2013-11-10",25,4,534,9,1,0.0041802137,5.6419070709,0.023584377
"Labor Pains","sleep sleep","RABF19","2013-11-17",25,5,535,11,2,0.0054726368,6.3350542515,0.0346694511
"The Kid Is All Right","isabel","SABF02","2013-11-24",25,6,536,13,1,0.0049429658,5.6419070709,0.0278877536
"Yellow Subterfuge","toke","SABF04","2013-12-08",25,7,537,10,1,0.0048520136,5.6419070709,0.0273746098
"White Christmas Blues","christmas","SABF01","2013-12-15",25,8,538,27,1,0.0122727273,1.5988558031,0.0196223212
"Steal This Episode","movie","SABF05","2014-01-05",25,9,539,31,1,0.0138207757,1.1039456346,0.0152573851
"Married to the Blob","kumiko","SABF03","2014-01-12",25,10,540,7,1,0.0030224525,5.6419070709,0.0170523962
"Specs and the City","valentine","SABF06","2014-01-26",25,11,541,12,1,0.0060882801,4.9487598904,0.0301294362
"Diggs","diggs","SABF08","2014-03-09",25,12,542,8,1,0.0030200076,6.3350542515,0.0191319117
"The Man Who Grew Too Much","taco tuesday","SABF07","2014-03-09",25,13,543,6,2,0.0025359256,6.3350542515,0.0160652263
"The Winter of His Content","clink","SABF09","2014-03-16",25,14,544,4,1,0.00153787,5.6419070709,0.0086765199
"The War of Art","whoa whoa whoa whoa whoa","SABF10","2014-03-23",25,15,545,29,5,0.0127360562,4.0324691585,0.0513577539
"You Don't Have to Live Like a Referee","the world cup","SABF11","2014-03-30",25,16,546,7,3,0.0036803365,6.3350542515,0.0233151313
"Luca$","competitive eater","SABF12","2014-04-06",25,17,547,6,2,0.0029368576,6.3350542515,0.018605152
"Days of Future Future","zombie","SABF13","2014-04-13",25,18,548,6,1,0.0026132404,4.0324691585,0.0105378114
"What to Expect When Bart's Expecting","voodoo","SABF14","2014-04-27",25,19,549,9,1,0.0042352941,4.5432947823,0.0192421897
"Pay Pal","wallis","SABF15","2014-05-11",25,21,551,4,1,0.0019333011,6.3350542515,0.0122475674
"The Yellow Badge of Cowardge","tamp","SABF18","2014-05-18",25,22,552,8,1,0.0038406145,5.6419070709,0.0216683901
"Clown in the Dumps","jewish heaven","SABF20","2014-09-28",26,1,553,4,2,0.0017452007,6.3350542515,0.0110559411
"The Wreck of the Relationship","under under","SABF17","2014-10-05",26,2,554,8,2,0.0037664783,6.3350542515,0.0238608446
"Super Franchise Me","mother hubbards","SABF19","2014-10-12",26,3,555,5,2,0.002593361,6.3350542515,0.0164290826
"Treehouse of Horror XXV","in out","SABF21","2014-10-19",26,4,556,9,2,0.0036188179,5.6419070709,0.020417034
"Opposites A-Frack","fracking","SABF22","2014-11-02",26,5,557,16,1,0.0078392945,5.6419070709,0.0442285709
"Simpsorama","bender","SABF16","2014-11-09",26,6,558,11,1,0.0053606238,4.7256163391,0.0253322513
"Blazed and Confused","lassen","TABF01","2014-11-16",26,7,559,12,1,0.0053643272,6.3350542515,0.033983304
"Covercraft","hopin","TABF02","2014-11-23",26,8,560,17,1,0.0068190935,4.5432947823,0.0309811517
"I Won't Be Home for Christmas","christmas","TABF03","2014-12-07",26,9,561,27,1,0.0122061483,1.5988558031,0.019515871
"The Man Who Came to Be Dinner","are we there yet","RABF15","2015-01-04",26,10,562,15,4,0.00723589,4.5432947823,0.0328747813
"Bart's New Friend","doo doo","TABF05","2015-01-11",26,11,563,23,2,0.0095753539,4.0324691585,0.0386123192
"The Musk Who Fell to Earth","elon","TABF04","2015-01-25",26,"Twelve",564,18,1,0.0098039216,4.9487598904,0.0485172538
